,mean episodic length,mean episodic rewards,timestep
0,200.0,-1277.9901390931113,0
0,200.0,-1341.509112043425,2600
0,200.0,-1296.9702738674919,5200
0,200.0,-1233.4891891754746,7800
0,200.0,-1037.379563637789,10400
0,200.0,-1381.826719362155,13000
0,200.0,-1218.105034228411,15600
0,200.0,-1151.6068697138678,18200
0,200.0,-1275.618533133927,20800
0,200.0,-1189.2400854365499,23400
0,200.0,-1357.409740401029,26000
0,200.0,-1080.1444630285873,28600
0,200.0,-1187.1924403623698,31200
0,200.0,-1120.7725242971173,33800
0,200.0,-1145.3295102248196,36400
0,200.0,-1275.3610147013808,39000
0,200.0,-1220.1087172100333,41600
0,200.0,-1286.5044503065064,44200
0,200.0,-1223.319897019832,46800
0,200.0,-1184.7750875790782,49400
0,200.0,-1045.0211850272715,52000
0,200.0,-1152.2811451085984,54600
0,200.0,-1217.4178416464795,57200
0,200.0,-1155.993850770858,59800
0,200.0,-1232.816071837876,62400
0,200.0,-1262.20996116687,65000
0,200.0,-1143.3686899413985,67600
0,200.0,-1127.7650058374168,70200
0,200.0,-1273.4644457437569,72800
0,200.0,-1196.7201504426832,75400
0,200.0,-1312.3536796778963,78000
0,200.0,-1271.3415614071077,80600
0,200.0,-1211.8189034925765,83200
0,200.0,-1296.836099146504,85800
0,200.0,-1431.1885965804233,88400
0,200.0,-1291.5626926950322,91000
0,200.0,-1286.7830161744482,93600
0,200.0,-1162.3238116467123,96200
0,200.0,-1281.8626749132964,98800
0,200.0,-1154.991021922085,101400
0,200.0,-1218.3536932874579,104000
0,200.0,-1210.766066411485,106600
0,200.0,-1221.337753160622,109200
0,200.0,-1132.2941197357025,111800
0,200.0,-1192.0319500613261,114400
0,200.0,-1263.8930303282725,117000
0,200.0,-1159.2006829745912,119600
0,200.0,-1211.6264726570032,122200
0,200.0,-1127.354653176704,124800
0,200.0,-1269.1665209786622,127400
0,200.0,-1344.0490741717283,130000
0,200.0,-1136.5981527559588,132600
0,200.0,-1200.6665968860345,135200
0,200.0,-1046.7750617260067,137800
0,200.0,-1130.551541291423,140400
0,200.0,-1171.7623468607453,143000
0,200.0,-1185.8980697904105,145600
0,200.0,-1300.1484472915313,148200
0,200.0,-1214.6228354786062,150800
0,200.0,-1196.8995904009673,153400
0,200.0,-1113.0172939676886,156000
0,200.0,-1124.5232580183729,158600
0,200.0,-1179.6206798150622,161200
0,200.0,-1103.183332792462,163800
0,200.0,-1117.4179407097292,166400
0,200.0,-1136.0689305187145,169000
0,200.0,-1087.5433609707945,171600
0,200.0,-1197.469004407084,174200
0,200.0,-1197.8937714014953,176800
0,200.0,-1160.2122568361858,179400
0,200.0,-1349.665342806008,182000
0,200.0,-1165.8423455035295,184600
0,200.0,-1166.4663644099808,187200
0,200.0,-1151.514127779331,189800
0,200.0,-1278.3635668614527,192400
0,200.0,-1201.3303839022328,195000
0,200.0,-1192.1494624173172,197600
0,200.0,-1173.742477379343,200200
0,200.0,-1175.4829603655535,202800
0,200.0,-1289.652994579984,205400
0,200.0,-1328.1209087289935,208000
0,200.0,-1222.3244858902785,210600
0,200.0,-1157.7354792679753,213200
0,200.0,-1240.4163301776348,215800
0,200.0,-1096.808745903685,218400
0,200.0,-1097.5286466060354,221000
0,200.0,-1174.4712043588236,223600
0,200.0,-1290.637510933792,226200
0,200.0,-1148.293335575139,228800
0,200.0,-1164.9369766608281,231400
0,200.0,-1123.1537091751693,234000
0,200.0,-1181.2834374130284,236600
0,200.0,-1151.1996333833458,239200
0,200.0,-1138.5941455599761,241800
0,200.0,-1222.7742078869442,244400
0,200.0,-1179.23886014621,247000
0,200.0,-1290.0309962359481,249600
0,200.0,-1095.9761335896833,252200
0,200.0,-1202.7745230258465,254800
0,200.0,-1236.59879481904,257400
0,200.0,-1188.9362070176737,260000
0,200.0,-1196.1073027736481,262600
0,200.0,-1226.8067064047964,265200
0,200.0,-1244.263337249209,267800
0,200.0,-1051.1364175720348,270400
0,200.0,-1252.4246996962765,273000
0,200.0,-1202.499070008251,275600
0,200.0,-1242.3127832196317,278200
0,200.0,-1257.337177290789,280800
0,200.0,-1156.6490973949342,283400
0,200.0,-1093.1166992232195,286000
0,200.0,-1220.401181044335,288600
0,200.0,-1318.5745462183118,291200
0,200.0,-1222.0165405883026,293800
0,200.0,-1141.374022184801,296400
0,200.0,-1156.1123728289565,299000
0,200.0,-1160.7227439345543,301600
0,200.0,-1263.5062317330362,304200
0,200.0,-1291.4865638900887,306800
0,200.0,-1289.4785009377463,309400
0,200.0,-1096.2839692052582,312000
0,200.0,-1142.221775074648,314600
0,200.0,-1153.2237797923965,317200
0,200.0,-1087.0433774318326,319800
0,200.0,-1274.400408040122,322400
0,200.0,-1320.6918622360502,325000
0,200.0,-1182.6926368027093,327600
0,200.0,-1132.4894898669913,330200
0,200.0,-1198.4283187467117,332800
0,200.0,-1227.90084737319,335400
0,200.0,-1275.6142082901158,338000
0,200.0,-1105.0715581408822,340600
0,200.0,-1171.765671022675,343200
0,200.0,-1184.0340420177317,345800
0,200.0,-1152.0397376755168,348400
0,200.0,-1216.7131271218948,351000
0,200.0,-1178.8837757150525,353600
0,200.0,-1199.0405578717762,356200
0,200.0,-1181.10942935165,358800
0,200.0,-1279.1101853732955,361400
0,200.0,-1247.0094341225285,364000
0,200.0,-1181.6221643880374,366600
0,200.0,-1184.1989003657552,369200
0,200.0,-1149.6225289718361,371800
0,200.0,-1068.1061138308157,374400
0,200.0,-1190.321564820956,377000
0,200.0,-1189.7394456744983,379600
0,200.0,-1283.5126021011988,382200
0,200.0,-1343.65969309922,384800
0,200.0,-1183.0866828429314,387400
0,200.0,-1296.6738957824964,390000
0,200.0,-1168.0093196340995,392600
0,200.0,-1174.8268415336568,395200
0,200.0,-1156.4287358357358,397800
0,200.0,-1034.930327901259,400400
0,200.0,-1122.8972940899625,403000
0,200.0,-1278.3374102197731,405600
0,200.0,-1165.9703903052819,408200
0,200.0,-1036.620769745266,410800
0,200.0,-1172.8042458686139,413400
0,200.0,-1112.4819761027782,416000
0,200.0,-1024.1307978151412,418600
0,200.0,-1099.6447109516791,421200
0,200.0,-1148.1471184564632,423800
0,200.0,-1043.9413121562554,426400
0,200.0,-1272.6811240354605,429000
0,200.0,-1177.2880765310497,431600
0,200.0,-1155.988730210002,434200
0,200.0,-1107.176063942559,436800
0,200.0,-1305.245939831318,439400
0,200.0,-1026.0657614284346,442000
0,200.0,-1072.8025057673635,444600
0,200.0,-1248.0280260912057,447200
0,200.0,-1254.7963770920799,449800
0,200.0,-1173.2933169404419,452400
0,200.0,-1212.2176301860109,455000
0,200.0,-1100.5349088747375,457600
0,200.0,-1075.4615188135317,460200
0,200.0,-1203.4444665544452,462800
0,200.0,-1059.9772393161165,465400
0,200.0,-1133.7027078521025,468000
0,200.0,-1157.6464782769312,470600
0,200.0,-1107.5721864184552,473200
0,200.0,-1211.2568956121215,475800
0,200.0,-1252.0917021179819,478400
0,200.0,-1052.1022304342969,481000
0,200.0,-1172.6242147106732,483600
0,200.0,-1190.7489194796754,486200
0,200.0,-1103.0601785317708,488800
0,200.0,-1251.8670298311704,491400
0,200.0,-1013.078595109477,494000
0,200.0,-1260.637625394148,496600
0,200.0,-1044.6871867298455,499200
0,200.0,-1135.7861317537893,501800
0,200.0,-1206.0448447740666,504400
0,200.0,-1147.7557807243038,507000
0,200.0,-1129.527753723825,509600
0,200.0,-1044.725567552027,512200
0,200.0,-1139.6159270458595,514800
0,200.0,-1226.8471667598335,517400
0,200.0,-1228.4563955798067,520000
0,200.0,-1121.5384085644653,522600
0,200.0,-1122.3337393997751,525200
0,200.0,-1083.6567855077535,527800
0,200.0,-1061.330527754668,530400
0,200.0,-1130.1098594908563,533000
0,200.0,-1149.7188529246466,535600
0,200.0,-1113.6804615749372,538200
0,200.0,-1178.850206324511,540800
0,200.0,-1069.1763690047392,543400
0,200.0,-1111.3369814284868,546000
0,200.0,-1087.7962493177454,548600
0,200.0,-1184.8903684155507,551200
0,200.0,-1238.5600918114922,553800
0,200.0,-1088.1608476174142,556400
0,200.0,-1072.4412756968002,559000
0,200.0,-1372.0920379473528,561600
0,200.0,-1141.986684993998,564200
0,200.0,-1071.9173571291833,566800
0,200.0,-1203.614547525058,569400
0,200.0,-1131.3001018799719,572000
0,200.0,-1204.7521750707429,574600
0,200.0,-1203.3736002078194,577200
0,200.0,-1162.5688646435701,579800
0,200.0,-1123.5738814058122,582400
0,200.0,-1075.6440717119272,585000
0,200.0,-1082.1864488191668,587600
0,200.0,-1201.1012465562612,590200
0,200.0,-1010.0830539852255,592800
0,200.0,-1205.8616099438973,595400
0,200.0,-1059.6757008087454,598000
0,200.0,-1172.5791184624666,600600
0,200.0,-1210.4202951973193,603200
0,200.0,-1120.5206587356504,605800
0,200.0,-1165.1389608148763,608400
0,200.0,-1125.9337550265695,611000
0,200.0,-1203.3569926919122,613600
0,200.0,-1105.8159145959414,616200
0,200.0,-1152.177911755254,618800
0,200.0,-1306.046220576212,621400
0,200.0,-1159.4897082747868,624000
0,200.0,-1080.1158924048345,626600
0,200.0,-1135.2179639494093,629200
0,200.0,-1052.6102083999833,631800
0,200.0,-1117.515068341607,634400
0,200.0,-1200.7418615628671,637000
0,200.0,-1185.5597791109758,639600
0,200.0,-1154.2566742999252,642200
0,200.0,-1137.3128397673136,644800
0,200.0,-1096.7864357754686,647400
0,200.0,-1018.6974287754972,650000
0,200.0,-1146.3804690880622,652600
0,200.0,-1104.4307402358938,655200
0,200.0,-1086.3181743679052,657800
0,200.0,-1174.421239085129,660400
0,200.0,-1176.393298813444,663000
0,200.0,-1000.601293114892,665600
0,200.0,-1151.3029559997349,668200
0,200.0,-1110.275129903442,670800
0,200.0,-1223.5295288011996,673400
0,200.0,-1156.9884977782297,676000
0,200.0,-1045.198730666432,678600
0,200.0,-1106.7514546715067,681200
0,200.0,-1263.2753119350205,683800
0,200.0,-1125.7553673277753,686400
0,200.0,-1172.5639858808104,689000
0,200.0,-1233.9151047213793,691600
0,200.0,-1052.097795869446,694200
0,200.0,-1092.0672801870305,696800
0,200.0,-1075.2299042241361,699400
0,200.0,-1060.9102654447163,702000
0,200.0,-1130.4635871517812,704600
0,200.0,-1237.3336722824818,707200
0,200.0,-1088.167554395557,709800
0,200.0,-1112.3917653158026,712400
0,200.0,-1104.287598043614,715000
0,200.0,-1142.7740634896088,717600
0,200.0,-1203.6480628545326,720200
0,200.0,-1102.6595984861174,722800
0,200.0,-1108.085145140438,725400
0,200.0,-1102.1460161464283,728000
0,200.0,-1187.7195380326584,730600
0,200.0,-1123.987360011463,733200
0,200.0,-1013.1942931380183,735800
0,200.0,-1170.9898433165508,738400
0,200.0,-991.4105194375654,741000
0,200.0,-1131.6553028079602,743600
0,200.0,-1142.140122721778,746200
0,200.0,-948.1864324585539,748800
0,200.0,-1169.476172122902,751400
0,200.0,-1093.4525932489296,754000
0,200.0,-1030.229202592302,756600
0,200.0,-1245.8050822190964,759200
0,200.0,-1127.638141381955,761800
0,200.0,-1117.6150496581743,764400
0,200.0,-1137.0965152001654,767000
0,200.0,-1070.559445577486,769600
0,200.0,-1229.240500695299,772200
0,200.0,-1071.4643341482572,774800
0,200.0,-1057.325146736883,777400
0,200.0,-1107.2444946262417,780000
0,200.0,-1176.1644787655778,782600
0,200.0,-1242.3435077614672,785200
0,200.0,-1028.8659364494372,787800
0,200.0,-1012.7984341787386,790400
0,200.0,-1208.5682923295678,793000
0,200.0,-1067.1832380214978,795600
0,200.0,-1056.9908076530494,798200
0,200.0,-1099.8435217373233,800800
0,200.0,-1227.888383816693,803400
0,200.0,-1110.253874491251,806000
0,200.0,-1116.7830745647004,808600
0,200.0,-1015.339185547607,811200
0,200.0,-1089.6680350453878,813800
0,200.0,-1085.271554700254,816400
0,200.0,-1029.5483714500888,819000
0,200.0,-1107.656497480532,821600
0,200.0,-1180.4897931188875,824200
0,200.0,-991.1801411644306,826800
0,200.0,-959.1860796010212,829400
0,200.0,-1112.3567779388623,832000
0,200.0,-1283.2787392105174,834600
0,200.0,-1074.9559087093303,837200
0,200.0,-920.3698896550985,839800
0,200.0,-1111.2450843616734,842400
0,200.0,-1215.8945020604997,845000
0,200.0,-1023.6084005746428,847600
0,200.0,-1180.244654287159,850200
0,200.0,-996.0905402705658,852800
0,200.0,-1129.4165295149708,855400
0,200.0,-1176.7572810751058,858000
0,200.0,-1122.2800791344512,860600
0,200.0,-1169.3115339515373,863200
0,200.0,-1022.9848830175016,865800
0,200.0,-1202.3763010107384,868400
0,200.0,-1107.197080109722,871000
0,200.0,-982.5372005968196,873600
0,200.0,-976.0224223550473,876200
0,200.0,-1093.429988593648,878800
0,200.0,-1157.141561555999,881400
0,200.0,-1021.3497553644756,884000
0,200.0,-1157.6428346617938,886600
0,200.0,-1068.1286533525958,889200
0,200.0,-1039.3095109918806,891800
0,200.0,-1161.8506404005745,894400
0,200.0,-1102.066878990436,897000
0,200.0,-971.5622263175958,899600
0,200.0,-1027.8463580625134,902200
0,200.0,-1127.346869766134,904800
0,200.0,-1072.4361676241554,907400
0,200.0,-1113.3075440470482,910000
0,200.0,-1199.670487857083,912600
0,200.0,-1128.3956624587406,915200
0,200.0,-1135.735690645621,917800
0,200.0,-1128.5563929941106,920400
0,200.0,-1108.4793417152193,923000
0,200.0,-1120.922472292666,925600
0,200.0,-1151.7803925892715,928200
0,200.0,-1066.7728749370822,930800
0,200.0,-1022.3507727143359,933400
0,200.0,-1179.7329163904708,936000
0,200.0,-998.4033945475278,938600
0,200.0,-1031.4467644665494,941200
0,200.0,-1192.6194267634276,943800
0,200.0,-1000.2722489135435,946400
0,200.0,-1051.3556237143393,949000
0,200.0,-1137.567513072002,951600
0,200.0,-1249.8229533971787,954200
0,200.0,-1017.2088251321737,956800
0,200.0,-1105.3524089789619,959400
0,200.0,-1188.939798987723,962000
0,200.0,-1122.934681995116,964600
0,200.0,-986.7059826990074,967200
0,200.0,-1077.5442710197722,969800
0,200.0,-1211.422233138792,972400
0,200.0,-1059.7411054144732,975000
0,200.0,-1073.0589201628754,977600
0,200.0,-1082.0252495871785,980200
0,200.0,-1087.501445201668,982800
0,200.0,-1057.2759007676689,985400
0,200.0,-1158.4325444717103,988000
0,200.0,-1023.3336734791969,990600
0,200.0,-1068.4081813996117,993200
0,200.0,-1033.823933997427,995800
0,200.0,-1028.9217970204325,998400
0,200.0,-1008.6269740250052,1001000
0,200.0,-953.862583430113,1003600
0,200.0,-1113.4658551075302,1006200
0,200.0,-1233.695338921084,1008800
0,200.0,-1166.8385056900381,1011400
0,200.0,-1042.4799625114688,1014000
0,200.0,-1134.8889301546117,1016600
0,200.0,-1144.7194907607086,1019200
0,200.0,-1120.8677708211826,1021800
0,200.0,-1101.9043053145224,1024400
0,200.0,-1145.5632559157166,1027000
0,200.0,-1071.385046949517,1029600
0,200.0,-1079.0540360336172,1032200
0,200.0,-1057.4883815523756,1034800
0,200.0,-999.4410394099594,1037400
0,200.0,-1011.1866531065457,1040000
0,200.0,-999.5327783229405,1042600
0,200.0,-1086.6943707350376,1045200
0,200.0,-1045.421259517723,1047800
0,200.0,-1113.1927964833853,1050400
0,200.0,-1080.754392808658,1053000
0,200.0,-1057.8929622825278,1055600
0,200.0,-1050.5959387531066,1058200
0,200.0,-1069.8189059326812,1060800
0,200.0,-1087.7380691678986,1063400
0,200.0,-1055.7733863542594,1066000
0,200.0,-980.5670407927776,1068600
0,200.0,-1054.5986211337909,1071200
0,200.0,-1192.9463187779477,1073800
0,200.0,-909.5300030177212,1076400
0,200.0,-991.7775095001199,1079000
0,200.0,-1111.8303673680728,1081600
0,200.0,-1027.2046373259557,1084200
0,200.0,-1000.8900472985935,1086800
0,200.0,-1087.7031197179795,1089400
0,200.0,-1108.0034670279435,1092000
0,200.0,-1134.3372392715512,1094600
0,200.0,-1164.2612887411965,1097200
0,200.0,-983.7644474217833,1099800
0,200.0,-1000.2025968518544,1102400
0,200.0,-1090.6060903345226,1105000
0,200.0,-1205.0158622518932,1107600
0,200.0,-1022.0938930057375,1110200
0,200.0,-1161.0022019468151,1112800
0,200.0,-993.6556479765193,1115400
0,200.0,-1012.6740682464442,1118000
0,200.0,-1074.6075387073963,1120600
0,200.0,-1027.3761560341236,1123200
0,200.0,-1026.5793469277194,1125800
0,200.0,-1107.3655851864348,1128400
0,200.0,-1141.7697589546688,1131000
0,200.0,-1107.9182043053647,1133600
0,200.0,-1041.9141934026609,1136200
0,200.0,-1088.7485341409822,1138800
0,200.0,-992.1897952319597,1141400
0,200.0,-1128.9437147137205,1144000
0,200.0,-1077.9149711285,1146600
0,200.0,-1079.4777623994864,1149200
0,200.0,-983.224876157824,1151800
0,200.0,-1135.6725966349272,1154400
0,200.0,-1036.6090065971246,1157000
0,200.0,-1054.0675747578427,1159600
0,200.0,-981.561505800765,1162200
0,200.0,-1017.2444411538665,1164800
0,200.0,-977.7962923063816,1167400
0,200.0,-1051.7433210126453,1170000
0,200.0,-988.673607116187,1172600
0,200.0,-1123.23222098411,1175200
0,200.0,-990.5341829565567,1177800
0,200.0,-1134.7064969655862,1180400
0,200.0,-986.4851059248172,1183000
0,200.0,-1155.1108511167138,1185600
0,200.0,-1012.5361059578275,1188200
0,200.0,-1033.660776212123,1190800
0,200.0,-1146.7217344477735,1193400
0,200.0,-1095.1679550722613,1196000
0,200.0,-1015.7620006372714,1198600
0,200.0,-1038.1146390512074,1201200
0,200.0,-1005.5028597245054,1203800
0,200.0,-1080.59801060673,1206400
0,200.0,-1036.8186579722712,1209000
0,200.0,-1020.8512899024141,1211600
0,200.0,-1005.8801695628857,1214200
0,200.0,-970.6145466309758,1216800
0,200.0,-1068.726391012278,1219400
0,200.0,-1053.1275977054038,1222000
0,200.0,-1025.798582146171,1224600
0,200.0,-1038.9871420266632,1227200
0,200.0,-1144.4601785579468,1229800
0,200.0,-966.9916464384702,1232400
0,200.0,-998.4322279675896,1235000
0,200.0,-994.2166962210814,1237600
0,200.0,-1137.9969838319612,1240200
0,200.0,-1034.3526449260492,1242800
0,200.0,-1043.7216933549212,1245400
0,200.0,-1038.2977106419892,1248000
0,200.0,-963.0322243377148,1250600
0,200.0,-1190.0046355071854,1253200
0,200.0,-1033.5635238139587,1255800
0,200.0,-1115.6234635834533,1258400
0,200.0,-1187.896442195088,1261000
0,200.0,-1043.722725150374,1263600
0,200.0,-988.3647150328995,1266200
0,200.0,-1035.3799443023695,1268800
0,200.0,-1102.6487167143596,1271400
0,200.0,-924.57759680225,1274000
0,200.0,-1126.9996493476492,1276600
0,200.0,-1060.0622086247195,1279200
0,200.0,-1068.8037427210918,1281800
0,200.0,-975.4723691343321,1284400
0,200.0,-1019.6049293961182,1287000
0,200.0,-992.6893102286134,1289600
0,200.0,-1030.504239525936,1292200
0,200.0,-1066.2853491981637,1294800
0,200.0,-1005.9807342998338,1297400
0,200.0,-1045.549724164425,1300000
0,200.0,-1083.2955563117196,1302600
0,200.0,-1093.6992625658188,1305200
0,200.0,-996.9806976587731,1307800
0,200.0,-1063.9233263984383,1310400
0,200.0,-1062.6364670227515,1313000
0,200.0,-1007.6276267666813,1315600
0,200.0,-989.9180531997938,1318200
0,200.0,-1057.3222467144783,1320800
0,200.0,-1040.6580228681783,1323400
0,200.0,-1000.4608979389894,1326000
0,200.0,-1070.5976648688347,1328600
0,200.0,-1167.6238774402195,1331200
0,200.0,-1081.4774898173202,1333800
0,200.0,-976.9620963529179,1336400
0,200.0,-1059.2548209815466,1339000
0,200.0,-1007.8981241860033,1341600
0,200.0,-969.1519624976947,1344200
0,200.0,-1054.5005721209877,1346800
0,200.0,-1007.1456688018463,1349400
0,200.0,-1122.622535031046,1352000
0,200.0,-990.477949509203,1354600
0,200.0,-1075.8064065234605,1357200
0,200.0,-1088.7068199182334,1359800
0,200.0,-1014.7877580924492,1362400
0,200.0,-1026.1169285000476,1365000
0,200.0,-1077.23621375999,1367600
0,200.0,-1026.5745231572562,1370200
0,200.0,-1061.3612636418536,1372800
0,200.0,-1044.8349565814274,1375400
0,200.0,-1072.9816975709186,1378000
0,200.0,-969.2764046835985,1380600
0,200.0,-958.2627409539353,1383200
0,200.0,-1038.9348986042535,1385800
0,200.0,-1060.9565865020609,1388400
0,200.0,-980.8158241681225,1391000
0,200.0,-1067.6284379282956,1393600
0,200.0,-1014.8148536135209,1396200
0,200.0,-1080.3930065554584,1398800
0,200.0,-1070.1719510547505,1401400
0,200.0,-1022.397697199923,1404000
0,200.0,-1065.6344595864507,1406600
0,200.0,-946.2341090666282,1409200
0,200.0,-1061.57050379577,1411800
0,200.0,-997.8847119541589,1414400
0,200.0,-1023.4467366863623,1417000
0,200.0,-1049.7004055108457,1419600
0,200.0,-1064.0404124312736,1422200
0,200.0,-1128.873283958473,1424800
0,200.0,-958.537777195393,1427400
0,200.0,-1037.1569840869254,1430000
0,200.0,-1024.8953460701885,1432600
0,200.0,-1028.5372863012317,1435200
0,200.0,-1048.8446244249724,1437800
0,200.0,-1026.914706393344,1440400
0,200.0,-1005.83785987325,1443000
0,200.0,-1058.2237798273882,1445600
0,200.0,-1015.0545758175647,1448200
0,200.0,-986.2780650670253,1450800
0,200.0,-1102.2775588445452,1453400
0,200.0,-1037.6128845854992,1456000
0,200.0,-979.2630043214359,1458600
0,200.0,-1052.1344420073876,1461200
0,200.0,-1024.6693842651543,1463800
0,200.0,-993.0981121372449,1466400
0,200.0,-1050.3516482102405,1469000
0,200.0,-1085.7583135153875,1471600
0,200.0,-1001.8471017543386,1474200
0,200.0,-995.0788298618841,1476800
0,200.0,-1084.006826235089,1479400
0,200.0,-941.1778697277908,1482000
0,200.0,-1023.5357333227564,1484600
0,200.0,-1039.7725116284314,1487200
0,200.0,-976.37388171125,1489800
0,200.0,-1049.7306961781214,1492400
0,200.0,-1001.5203343309123,1495000
0,200.0,-998.4960842532909,1497600
0,200.0,-964.5616886123494,1500200
0,200.0,-1032.1113639503951,1502800
0,200.0,-1000.1015365840577,1505400
0,200.0,-943.1945076003763,1508000
0,200.0,-983.7832302199507,1510600
0,200.0,-975.9318289303394,1513200
0,200.0,-974.9856718479369,1515800
0,200.0,-999.6386588194234,1518400
0,200.0,-997.9318664791889,1521000
0,200.0,-1032.1011424004023,1523600
0,200.0,-951.6899455185916,1526200
0,200.0,-1096.1004648370379,1528800
0,200.0,-1096.4975734538484,1531400
0,200.0,-1001.1556869377309,1534000
0,200.0,-1048.8271351891854,1536600
0,200.0,-1071.9693066803359,1539200
0,200.0,-977.8290758459399,1541800
0,200.0,-979.006409169986,1544400
0,200.0,-1000.342847371848,1547000
0,200.0,-876.6851284208319,1549600
0,200.0,-974.891606782492,1552200
0,200.0,-995.8778345332504,1554800
0,200.0,-985.7305771940246,1557400
0,200.0,-914.7667106079684,1560000
0,200.0,-977.604890626321,1562600
0,200.0,-930.3538422157934,1565200
0,200.0,-944.742448469123,1567800
0,200.0,-991.6577005050256,1570400
0,200.0,-960.1676009747706,1573000
0,200.0,-920.2803103289181,1575600
0,200.0,-1045.454547900175,1578200
0,200.0,-957.2339303388887,1580800
0,200.0,-1033.0953906239793,1583400
0,200.0,-920.2631859984843,1586000
0,200.0,-977.9020017368106,1588600
0,200.0,-992.3907634369758,1591200
0,200.0,-1036.659558452232,1593800
0,200.0,-1019.862103398717,1596400
0,200.0,-1017.898305279645,1599000
0,200.0,-947.4708273717965,1601600
0,200.0,-989.9963010265003,1604200
0,200.0,-1001.337451899452,1606800
0,200.0,-992.2695730716163,1609400
0,200.0,-1025.2403249928414,1612000
0,200.0,-950.1237853897262,1614600
0,200.0,-925.6019673136034,1617200
0,200.0,-1004.1896727843061,1619800
0,200.0,-942.9889193819902,1622400
0,200.0,-1070.5232480567552,1625000
0,200.0,-1006.3159719943943,1627600
0,200.0,-964.3982838365438,1630200
0,200.0,-1019.6116041801813,1632800
0,200.0,-1022.6343134330428,1635400
0,200.0,-1015.2920670674795,1638000
0,200.0,-955.4419414415942,1640600
0,200.0,-902.7798525000112,1643200
0,200.0,-1025.7055459806209,1645800
0,200.0,-996.9596828051011,1648400
0,200.0,-1045.7490737884614,1651000
0,200.0,-943.9152896501512,1653600
0,200.0,-972.770924779872,1656200
0,200.0,-1009.6293063446769,1658800
0,200.0,-1064.0062345714607,1661400
0,200.0,-940.8634770224749,1664000
0,200.0,-905.4458804181427,1666600
0,200.0,-1020.3624627700939,1669200
0,200.0,-952.9092866838685,1671800
0,200.0,-1044.5145214963818,1674400
0,200.0,-991.5770512876614,1677000
0,200.0,-1005.2843349657251,1679600
0,200.0,-1051.5511812585576,1682200
0,200.0,-1064.7916771579828,1684800
0,200.0,-1089.970204217483,1687400
0,200.0,-994.757517006557,1690000
0,200.0,-1103.921425267797,1692600
0,200.0,-895.0740362214334,1695200
0,200.0,-964.4947375160726,1697800
0,200.0,-1034.7558428470131,1700400
0,200.0,-1026.7890302844175,1703000
0,200.0,-952.5122337608374,1705600
0,200.0,-993.7813116078471,1708200
0,200.0,-970.9406391966725,1710800
0,200.0,-1045.3538150767492,1713400
0,200.0,-1052.2254860922362,1716000
0,200.0,-876.9610193028218,1718600
0,200.0,-964.138904106192,1721200
0,200.0,-994.220236236037,1723800
0,200.0,-923.1768241827933,1726400
0,200.0,-878.4818955040525,1729000
0,200.0,-948.4649635134066,1731600
0,200.0,-914.8407522570482,1734200
0,200.0,-949.9844884662599,1736800
0,200.0,-927.0116650531817,1739400
0,200.0,-980.9150886932426,1742000
0,200.0,-1024.7399809308024,1744600
0,200.0,-971.6347546520315,1747200
0,200.0,-882.0491739389286,1749800
0,200.0,-996.6044941071086,1752400
0,200.0,-992.2791040933806,1755000
0,200.0,-915.5484852746432,1757600
0,200.0,-919.058728780199,1760200
0,200.0,-952.366415628431,1762800
0,200.0,-935.9882091422157,1765400
0,200.0,-910.0661256571616,1768000
0,200.0,-1030.0036697207947,1770600
0,200.0,-906.5424550626709,1773200
0,200.0,-916.6905030789684,1775800
0,200.0,-939.8814743020826,1778400
0,200.0,-1029.4840866351258,1781000
0,200.0,-897.1179497726166,1783600
0,200.0,-1023.105131095179,1786200
0,200.0,-1014.6495445263668,1788800
0,200.0,-830.9810958064297,1791400
0,200.0,-948.1684765730429,1794000
0,200.0,-952.2291347461177,1796600
0,200.0,-1011.303370092416,1799200
0,200.0,-981.0203954246188,1801800
0,200.0,-905.5273409338562,1804400
0,200.0,-860.2769979479907,1807000
0,200.0,-1008.0293988349406,1809600
0,200.0,-934.1174027645915,1812200
0,200.0,-996.165488230601,1814800
0,200.0,-1032.15339601176,1817400
0,200.0,-972.2376121320104,1820000
0,200.0,-907.1843992804353,1822600
0,200.0,-992.8229297143193,1825200
0,200.0,-1021.0308854341986,1827800
0,200.0,-964.4843659173239,1830400
0,200.0,-935.5910557974565,1833000
0,200.0,-958.8297024538163,1835600
0,200.0,-969.4554631557577,1838200
0,200.0,-1010.7639659771521,1840800
0,200.0,-896.0458078229858,1843400
0,200.0,-866.3604853425687,1846000
0,200.0,-902.7568624037133,1848600
0,200.0,-894.5406784068863,1851200
0,200.0,-849.7361511131651,1853800
0,200.0,-957.976515484396,1856400
0,200.0,-884.1946187423132,1859000
0,200.0,-972.1805569313461,1861600
0,200.0,-899.6502297761533,1864200
0,200.0,-916.0915146003468,1866800
0,200.0,-888.6812699207775,1869400
0,200.0,-886.8502691481033,1872000
0,200.0,-936.2255803749845,1874600
0,200.0,-861.3788117964291,1877200
0,200.0,-868.4900603138855,1879800
0,200.0,-1008.8684244677502,1882400
0,200.0,-935.2572364590253,1885000
0,200.0,-1013.1212739219593,1887600
0,200.0,-996.0846864410313,1890200
0,200.0,-937.7839836648543,1892800
0,200.0,-915.9152480635989,1895400
0,200.0,-928.9989628591695,1898000
0,200.0,-906.989040781984,1900600
0,200.0,-1000.1727161203364,1903200
0,200.0,-962.0626821495638,1905800
0,200.0,-976.0970057603333,1908400
0,200.0,-982.7115356579039,1911000
0,200.0,-984.6460135144486,1913600
0,200.0,-973.3023055468545,1916200
0,200.0,-959.5102790600976,1918800
0,200.0,-968.4727624276637,1921400
0,200.0,-947.6008204804941,1924000
0,200.0,-948.1422517752139,1926600
0,200.0,-921.3745298734624,1929200
0,200.0,-923.282797043807,1931800
0,200.0,-956.4621974150302,1934400
0,200.0,-1024.637631564925,1937000
0,200.0,-996.1961203548027,1939600
0,200.0,-949.1280502377764,1942200
0,200.0,-899.3786389472839,1944800
0,200.0,-912.3547938309467,1947400
0,200.0,-951.994214134072,1950000
0,200.0,-992.8404446222734,1952600
0,200.0,-922.4088657288653,1955200
0,200.0,-906.8681065196213,1957800
0,200.0,-951.7329415053748,1960400
0,200.0,-889.6247681843992,1963000
0,200.0,-813.1631078723665,1965600
0,200.0,-924.5706703169021,1968200
0,200.0,-872.8991415182312,1970800
0,200.0,-1003.2820879077751,1973400
0,200.0,-966.0204902545726,1976000
0,200.0,-947.6349386446801,1978600
0,200.0,-871.77399193961,1981200
0,200.0,-937.0966379578828,1983800
0,200.0,-877.5110453386302,1986400
0,200.0,-833.3314283376185,1989000
0,200.0,-875.0755495150879,1991600
0,200.0,-915.7747570438097,1994200
0,200.0,-991.4798650098517,1996800
0,200.0,-962.4453889247766,1999400
0,200.0,-970.283323433874,2002000
0,200.0,-918.2550833618797,2004600
0,200.0,-886.7781097636663,2007200
0,200.0,-911.2895777682742,2009800
0,200.0,-897.022940678103,2012400
0,200.0,-925.1846537774944,2015000
0,200.0,-860.7091195299158,2017600
0,200.0,-918.6248090235015,2020200
0,200.0,-939.3805614430735,2022800
0,200.0,-903.8551205099204,2025400
0,200.0,-915.4329693739729,2028000
0,200.0,-885.0556218000625,2030600
0,200.0,-876.4850473034733,2033200
0,200.0,-940.698974521533,2035800
0,200.0,-878.1732871122719,2038400
0,200.0,-963.7065547770836,2041000
0,200.0,-979.7714587912923,2043600
0,200.0,-923.018016176309,2046200
0,200.0,-942.7386773985064,2048800
0,200.0,-849.7900795256088,2051400
0,200.0,-875.0561847321941,2054000
0,200.0,-849.7467306227526,2056600
0,200.0,-889.1558844672759,2059200
0,200.0,-930.1409502371516,2061800
0,200.0,-907.5238459434305,2064400
0,200.0,-912.6490910883864,2067000
0,200.0,-859.8077045004321,2069600
0,200.0,-884.729837924551,2072200
0,200.0,-876.6556320605197,2074800
0,200.0,-871.5617694241975,2077400
0,200.0,-896.8716369499599,2080000
0,200.0,-843.9325241261387,2082600
0,200.0,-867.7025811667518,2085200
0,200.0,-924.0862642143438,2087800
0,200.0,-909.7321419412169,2090400
0,200.0,-841.1460740722166,2093000
0,200.0,-901.0957909072811,2095600
0,200.0,-911.0298404339909,2098200
0,200.0,-911.489902999214,2100800
0,200.0,-924.7263004240837,2103400
0,200.0,-918.493473018942,2106000
0,200.0,-887.6460010654463,2108600
0,200.0,-804.3781334881668,2111200
0,200.0,-887.6777086834666,2113800
0,200.0,-909.3606842413658,2116400
0,200.0,-849.2641138293459,2119000
0,200.0,-853.8513985972476,2121600
0,200.0,-894.9442351591988,2124200
0,200.0,-916.9822861565523,2126800
0,200.0,-910.6845841689708,2129400
0,200.0,-886.5335464193818,2132000
0,200.0,-956.8499660347069,2134600
0,200.0,-915.7385265980234,2137200
0,200.0,-929.1217984782136,2139800
0,200.0,-867.0649882939936,2142400
0,200.0,-857.1144549646882,2145000
0,200.0,-893.5771665975499,2147600
0,200.0,-889.2278934529833,2150200
0,200.0,-986.183191303834,2152800
0,200.0,-898.1053008820516,2155400
0,200.0,-949.6607899314866,2158000
0,200.0,-950.3144845961167,2160600
0,200.0,-903.6355619412352,2163200
0,200.0,-910.1278952752025,2165800
0,200.0,-933.7344971158016,2168400
0,200.0,-866.0405381445212,2171000
0,200.0,-882.2188078498287,2173600
0,200.0,-844.6085250287089,2176200
0,200.0,-911.4019211741554,2178800
0,200.0,-834.3749789238557,2181400
0,200.0,-920.6240164319819,2184000
0,200.0,-815.2879795167178,2186600
0,200.0,-775.0228303334068,2189200
0,200.0,-864.8602894050279,2191800
0,200.0,-877.2455861510006,2194400
0,200.0,-895.8241218481246,2197000
0,200.0,-856.6589787473142,2199600
0,200.0,-912.2526643831814,2202200
0,200.0,-854.17711985456,2204800
0,200.0,-875.5241814593793,2207400
0,200.0,-823.9287237876584,2210000
0,200.0,-894.1971945361352,2212600
0,200.0,-964.1695053053329,2215200
0,200.0,-846.0027575818453,2217800
0,200.0,-828.2550828179666,2220400
0,200.0,-855.1209096262972,2223000
0,200.0,-881.4043802841004,2225600
0,200.0,-841.9559746462267,2228200
0,200.0,-795.2882737606742,2230800
0,200.0,-844.7311319666577,2233400
0,200.0,-826.2369327421036,2236000
0,200.0,-887.3189211073485,2238600
0,200.0,-907.962741912589,2241200
0,200.0,-954.4331456581783,2243800
0,200.0,-864.0157534979721,2246400
0,200.0,-932.5036778823235,2249000
0,200.0,-854.4022716274941,2251600
0,200.0,-850.1555788046594,2254200
0,200.0,-895.9096939364949,2256800
0,200.0,-897.087965883768,2259400
0,200.0,-826.0800783606084,2262000
0,200.0,-878.6869996843283,2264600
0,200.0,-854.834341161373,2267200
0,200.0,-872.5104025296264,2269800
0,200.0,-798.2970313121848,2272400
0,200.0,-846.6491381320731,2275000
0,200.0,-883.1333694669215,2277600
0,200.0,-900.4076911148064,2280200
0,200.0,-890.0264351231085,2282800
0,200.0,-842.9295701582279,2285400
0,200.0,-875.20914241073,2288000
0,200.0,-890.7068787646659,2290600
0,200.0,-920.0385872068595,2293200
0,200.0,-938.1264634574501,2295800
0,200.0,-920.4987506889348,2298400
0,200.0,-862.5865711315024,2301000
0,200.0,-829.5632427372743,2303600
0,200.0,-831.5590298295772,2306200
0,200.0,-888.8141931037654,2308800
0,200.0,-793.0094773565797,2311400
0,200.0,-934.816416035532,2314000
0,200.0,-833.8988359881876,2316600
0,200.0,-897.9581953887092,2319200
0,200.0,-914.2544150456544,2321800
0,200.0,-837.5685069588155,2324400
0,200.0,-844.7913745594992,2327000
0,200.0,-819.6942501762801,2329600
0,200.0,-870.7573631909006,2332200
0,200.0,-928.811899420368,2334800
0,200.0,-800.489134054361,2337400
0,200.0,-932.4942308689556,2340000
0,200.0,-823.5490662292891,2342600
0,200.0,-802.972846653387,2345200
0,200.0,-848.9530419662811,2347800
0,200.0,-844.4159202061461,2350400
0,200.0,-836.5739716112081,2353000
0,200.0,-869.4326453262836,2355600
0,200.0,-807.4798918853079,2358200
0,200.0,-854.4168155731676,2360800
0,200.0,-800.750368244207,2363400
0,200.0,-814.2149700841924,2366000
0,200.0,-822.0595016893948,2368600
0,200.0,-824.7971325336682,2371200
0,200.0,-773.416166320573,2373800
0,200.0,-778.4110314711605,2376400
0,200.0,-824.6598148881537,2379000
0,200.0,-877.033571696854,2381600
0,200.0,-855.2530784187342,2384200
0,200.0,-880.3915422201339,2386800
0,200.0,-800.8661926910063,2389400
0,200.0,-851.7008569476563,2392000
0,200.0,-903.1356907304588,2394600
0,200.0,-850.936784664216,2397200
0,200.0,-899.8652515931874,2399800
0,200.0,-873.7835719037544,2402400
0,200.0,-847.1422253446127,2405000
0,200.0,-896.2536807869219,2407600
0,200.0,-904.0724034355248,2410200
0,200.0,-890.5385808461004,2412800
0,200.0,-830.183268070715,2415400
0,200.0,-889.673028389867,2418000
0,200.0,-864.6818883410938,2420600
0,200.0,-851.7603431741106,2423200
0,200.0,-814.8554543026969,2425800
0,200.0,-826.430720116037,2428400
0,200.0,-866.973136971954,2431000
0,200.0,-745.3927491783402,2433600
0,200.0,-777.3128775254619,2436200
0,200.0,-867.1342120553327,2438800
0,200.0,-790.6103139034175,2441400
0,200.0,-771.152074166924,2444000
0,200.0,-827.3084454532083,2446600
0,200.0,-809.782670488745,2449200
0,200.0,-816.6488200759469,2451800
0,200.0,-776.0157110450576,2454400
0,200.0,-862.1497014459419,2457000
0,200.0,-786.7617665784738,2459600
0,200.0,-724.7367847716657,2462200
0,200.0,-766.1030254512824,2464800
0,200.0,-792.0380186748091,2467400
0,200.0,-788.8177049175026,2470000
0,200.0,-811.1852280361405,2472600
0,200.0,-759.5416250147583,2475200
0,200.0,-798.5998788699346,2477800
0,200.0,-793.8346842887767,2480400
0,200.0,-825.3193325362483,2483000
0,200.0,-845.4446289697048,2485600
0,200.0,-845.3996155100394,2488200
0,200.0,-736.5429166650782,2490800
0,200.0,-827.1127681744784,2493400
0,200.0,-783.1057258757735,2496000
0,200.0,-776.4824303202137,2498600
0,200.0,-769.211424705847,2501200
0,200.0,-782.8689221225051,2503800
0,200.0,-813.2844046287612,2506400
0,200.0,-815.5026137089073,2509000
0,200.0,-782.7947236868804,2511600
0,200.0,-830.339333989113,2514200
0,200.0,-724.9702322177818,2516800
0,200.0,-789.9475415064967,2519400
0,200.0,-813.312760895326,2522000
0,200.0,-768.7338600073309,2524600
0,200.0,-780.7613084757353,2527200
0,200.0,-787.2789087763942,2529800
0,200.0,-815.9444985942923,2532400
0,200.0,-771.7307813700064,2535000
0,200.0,-781.8235120497193,2537600
0,200.0,-843.7313424158785,2540200
0,200.0,-780.7634224598382,2542800
0,200.0,-821.7287468758645,2545400
0,200.0,-813.8333272276611,2548000
0,200.0,-825.4735495563802,2550600
0,200.0,-806.0575752106511,2553200
0,200.0,-768.378714584781,2555800
0,200.0,-781.2990340001523,2558400
0,200.0,-829.435518833001,2561000
0,200.0,-831.6431973894391,2563600
0,200.0,-868.5059399890166,2566200
0,200.0,-775.0438617296172,2568800
0,200.0,-813.9094828630928,2571400
0,200.0,-811.3180503849727,2574000
0,200.0,-825.6215431029066,2576600
0,200.0,-735.7081517640484,2579200
0,200.0,-707.7217512674454,2581800
0,200.0,-849.0930307638862,2584400
0,200.0,-808.554745362055,2587000
0,200.0,-868.5230065241698,2589600
0,200.0,-785.1384449591247,2592200
0,200.0,-756.9128223949981,2594800
0,200.0,-799.4039159990975,2597400
0,200.0,-749.2988456112778,2600000
0,200.0,-834.1717904492591,2602600
0,200.0,-859.3634472551213,2605200
0,200.0,-827.6071421090751,2607800
0,200.0,-847.9656923980497,2610400
0,200.0,-798.2909631402828,2613000
0,200.0,-792.2859969341746,2615600
0,200.0,-758.2175335659796,2618200
0,200.0,-822.4691995654922,2620800
0,200.0,-787.5675994866336,2623400
0,200.0,-776.1840412656602,2626000
0,200.0,-786.1988509354785,2628600
0,200.0,-745.6871725961162,2631200
0,200.0,-752.9755691248,2633800
0,200.0,-767.7896323945331,2636400
0,200.0,-766.2460989063846,2639000
0,200.0,-774.5869861076836,2641600
0,200.0,-792.9713044455956,2644200
0,200.0,-766.6375405228192,2646800
0,200.0,-761.2812041218014,2649400
0,200.0,-763.6345388951279,2652000
0,200.0,-784.7057699902119,2654600
0,200.0,-756.6460087018562,2657200
0,200.0,-756.371336990765,2659800
0,200.0,-761.6774080361738,2662400
0,200.0,-734.4096685788766,2665000
0,200.0,-828.6933904611058,2667600
0,200.0,-754.058118100006,2670200
0,200.0,-793.9401540332947,2672800
0,200.0,-798.5416287827563,2675400
0,200.0,-782.4169992473358,2678000
0,200.0,-797.4157265406118,2680600
0,200.0,-771.1851384666521,2683200
0,200.0,-801.6046862122578,2685800
0,200.0,-795.267100161449,2688400
0,200.0,-804.8281110067128,2691000
0,200.0,-816.8122667525313,2693600
0,200.0,-760.5587252337807,2696200
0,200.0,-772.9582985674448,2698800
0,200.0,-761.3673433189604,2701400
0,200.0,-777.8817835369703,2704000
0,200.0,-806.3786934310839,2706600
0,200.0,-811.4078795670576,2709200
0,200.0,-756.0656823858296,2711800
0,200.0,-778.800206084281,2714400
0,200.0,-749.9405137383587,2717000
0,200.0,-776.0242721271414,2719600
0,200.0,-731.163252671037,2722200
0,200.0,-686.1734974222979,2724800
0,200.0,-738.9941609627361,2727400
0,200.0,-778.7964091153101,2730000
0,200.0,-792.8346487472675,2732600
0,200.0,-784.9775174559344,2735200
0,200.0,-786.8429223425017,2737800
0,200.0,-783.5486700547875,2740400
0,200.0,-796.0427254760505,2743000
0,200.0,-836.815340445287,2745600
0,200.0,-720.4584180760917,2748200
0,200.0,-711.9562532694514,2750800
0,200.0,-782.6343441063141,2753400
0,200.0,-769.7409578728382,2756000
0,200.0,-745.2232281810946,2758600
0,200.0,-746.4699273689037,2761200
0,200.0,-766.656694610362,2763800
0,200.0,-744.9372122418234,2766400
0,200.0,-770.535519314062,2769000
0,200.0,-829.5771328854054,2771600
0,200.0,-756.9952978672801,2774200
0,200.0,-773.3553690547841,2776800
0,200.0,-765.1847901674905,2779400
0,200.0,-721.0798865107101,2782000
0,200.0,-798.4449610853096,2784600
0,200.0,-750.6999700600701,2787200
0,200.0,-792.8767472669315,2789800
0,200.0,-791.020143524831,2792400
0,200.0,-719.2296979733643,2795000
0,200.0,-777.1128450013418,2797600
0,200.0,-752.9664065058233,2800200
0,200.0,-798.0025503204402,2802800
0,200.0,-760.2833478050242,2805400
0,200.0,-794.1150082831259,2808000
0,200.0,-796.1182237433379,2810600
0,200.0,-782.2155829470115,2813200
0,200.0,-801.2562802120436,2815800
0,200.0,-797.8554136536922,2818400
0,200.0,-804.5060026646071,2821000
0,200.0,-790.562569991586,2823600
0,200.0,-765.371650127064,2826200
0,200.0,-880.5911825761455,2828800
0,200.0,-782.9606853809684,2831400
0,200.0,-780.7228267607733,2834000
0,200.0,-782.4920944259874,2836600
0,200.0,-775.4129728388918,2839200
0,200.0,-768.700644729581,2841800
0,200.0,-792.3072438009383,2844400
0,200.0,-755.2490052333033,2847000
0,200.0,-724.6279991428863,2849600
0,200.0,-796.8088346908678,2852200
0,200.0,-756.7622079146679,2854800
0,200.0,-734.2720844397477,2857400
0,200.0,-794.830409873363,2860000
0,200.0,-827.7428401692677,2862600
0,200.0,-779.6761572556042,2865200
0,200.0,-797.8061932415305,2867800
0,200.0,-793.5800008753322,2870400
0,200.0,-821.4323832060355,2873000
0,200.0,-782.7436878216599,2875600
0,200.0,-757.566873974278,2878200
0,200.0,-794.3263540348448,2880800
0,200.0,-834.2596839062081,2883400
0,200.0,-789.90027690968,2886000
0,200.0,-716.218954068059,2888600
0,200.0,-791.2965261331196,2891200
0,200.0,-774.2549451198175,2893800
0,200.0,-728.8727630253034,2896400
0,200.0,-786.6851519563181,2899000
0,200.0,-722.2322467721323,2901600
0,200.0,-755.0704504794174,2904200
0,200.0,-748.0362733294079,2906800
0,200.0,-744.852119501833,2909400
0,200.0,-759.6023830393923,2912000
0,200.0,-763.766751373322,2914600
0,200.0,-787.5284873995076,2917200
0,200.0,-734.0873517523659,2919800
0,200.0,-747.2584690081189,2922400
0,200.0,-815.2663858847857,2925000
0,200.0,-748.5587165879193,2927600
0,200.0,-744.6234637282806,2930200
0,200.0,-741.9343710797714,2932800
0,200.0,-790.7412732563239,2935400
0,200.0,-804.4175843758009,2938000
0,200.0,-731.7495127586299,2940600
0,200.0,-787.3016420358416,2943200
0,200.0,-715.6851488531895,2945800
0,200.0,-743.6852936293824,2948400
0,200.0,-782.5102876653806,2951000
0,200.0,-745.1436912768125,2953600
0,200.0,-799.2879025458577,2956200
0,200.0,-741.1657569149143,2958800
0,200.0,-789.239359931358,2961400
0,200.0,-778.9415700408433,2964000
0,200.0,-747.1116436002699,2966600
0,200.0,-762.0418949780525,2969200
0,200.0,-723.9014211662294,2971800
0,200.0,-801.0559640929243,2974400
0,200.0,-778.0442469679815,2977000
0,200.0,-750.6179965146639,2979600
0,200.0,-757.8468728232986,2982200
0,200.0,-693.8627094343706,2984800
0,200.0,-761.0091950599069,2987400
0,200.0,-719.7794367764337,2990000
0,200.0,-755.4988342372393,2992600
0,200.0,-737.2685719584691,2995200
0,200.0,-750.3150176670325,2997800
0,200.0,-738.805178777018,3000400
0,200.0,-699.8959315207278,3003000
0,200.0,-735.8304883082272,3005600
0,200.0,-748.569858639512,3008200
0,200.0,-719.9993049760063,3010800
0,200.0,-705.1578541041183,3013400
0,200.0,-712.9346925099507,3016000
0,200.0,-709.441374580801,3018600
0,200.0,-766.216177771387,3021200
0,200.0,-724.336490930799,3023800
0,200.0,-764.3402524930062,3026400
0,200.0,-737.8757163025355,3029000
0,200.0,-745.774316039071,3031600
0,200.0,-761.212523847131,3034200
0,200.0,-693.313154863475,3036800
0,200.0,-742.526543335387,3039400
0,200.0,-746.7752959516233,3042000
0,200.0,-765.5933229145066,3044600
0,200.0,-757.3178177894913,3047200
0,200.0,-716.5612691429271,3049800
0,200.0,-710.5005635410096,3052400
0,200.0,-765.8332755655185,3055000
0,200.0,-791.5477205928382,3057600
0,200.0,-728.8698784305125,3060200
0,200.0,-744.6170899417122,3062800
0,200.0,-659.5219777880552,3065400
0,200.0,-748.3798350086387,3068000
0,200.0,-730.0328045000786,3070600
0,200.0,-751.1876239653836,3073200
0,200.0,-743.8566924534286,3075800
0,200.0,-765.4355101146494,3078400
0,200.0,-721.6849990999997,3081000
0,200.0,-786.708478187676,3083600
0,200.0,-756.4132685010301,3086200
0,200.0,-742.446434389413,3088800
0,200.0,-770.1530241390476,3091400
0,200.0,-737.1764446760048,3094000
0,200.0,-718.0376989476936,3096600
0,200.0,-709.684544052328,3099200
0,200.0,-759.3165594384028,3101800
0,200.0,-731.8220092602982,3104400
0,200.0,-727.8239115311565,3107000
0,200.0,-737.6644845720103,3109600
0,200.0,-786.8681821407831,3112200
0,200.0,-786.1719712784676,3114800
0,200.0,-749.4635541852948,3117400
0,200.0,-768.5582359859714,3120000
0,200.0,-777.7883386006201,3122600
0,200.0,-767.3266469318817,3125200
0,200.0,-704.0887878249513,3127800
0,200.0,-790.34311440623,3130400
0,200.0,-727.6547832200939,3133000
0,200.0,-679.1955910915256,3135600
0,200.0,-729.5840774091297,3138200
0,200.0,-732.0718499221488,3140800
0,200.0,-708.6162221201292,3143400
0,200.0,-753.9925760462431,3146000
0,200.0,-753.0764345009334,3148600
0,200.0,-776.6261645538478,3151200
0,200.0,-779.4923646604122,3153800
0,200.0,-789.2023227960495,3156400
0,200.0,-768.0753978361925,3159000
0,200.0,-840.4705294023904,3161600
0,200.0,-753.7315315733596,3164200
0,200.0,-711.4915727057889,3166800
0,200.0,-714.0736512120719,3169400
0,200.0,-718.7793106373151,3172000
0,200.0,-765.9736675602986,3174600
0,200.0,-690.7221129693592,3177200
0,200.0,-749.1496702162868,3179800
0,200.0,-694.229111182004,3182400
0,200.0,-672.7261820818657,3185000
0,200.0,-732.1642577213205,3187600
0,200.0,-683.666910713016,3190200
0,200.0,-777.3186346750366,3192800
0,200.0,-718.6363078990163,3195400
0,200.0,-765.4193489847029,3198000
0,200.0,-725.7641641475449,3200600
0,200.0,-752.8113400738993,3203200
0,200.0,-788.0180342963239,3205800
0,200.0,-731.9695180439246,3208400
0,200.0,-688.8994688891264,3211000
0,200.0,-704.0534637057129,3213600
0,200.0,-781.8404887734813,3216200
0,200.0,-724.5316195599312,3218800
0,200.0,-712.3955560375015,3221400
0,200.0,-767.9245325570739,3224000
0,200.0,-695.2738936558096,3226600
0,200.0,-676.6244440977334,3229200
0,200.0,-712.734458688081,3231800
0,200.0,-689.8412677992324,3234400
0,200.0,-734.3483752625876,3237000
0,200.0,-761.4772931993673,3239600
0,200.0,-753.9828740575715,3242200
0,200.0,-767.0636095501525,3244800
0,200.0,-721.045614323129,3247400
0,200.0,-716.3391276673495,3250000
0,200.0,-715.670391423998,3252600
0,200.0,-724.3998930094547,3255200
0,200.0,-670.8445298357007,3257800
0,200.0,-674.4295375778104,3260400
0,200.0,-749.2447214843622,3263000
0,200.0,-732.1150217419222,3265600
0,200.0,-732.5516750545717,3268200
0,200.0,-713.3674726267279,3270800
0,200.0,-730.996077839257,3273400
0,200.0,-712.0128364713887,3276000
0,200.0,-721.8010064087674,3278600
0,200.0,-775.4978840914476,3281200
0,200.0,-747.2941504385391,3283800
0,200.0,-723.1402135233632,3286400
0,200.0,-663.0438746547827,3289000
0,200.0,-686.5303312398565,3291600
0,200.0,-715.7410263543475,3294200
0,200.0,-710.1105763962815,3296800
0,200.0,-677.5851085918234,3299400
0,200.0,-736.0738014525804,3302000
0,200.0,-710.6987436720655,3304600
0,200.0,-676.4570517896565,3307200
0,200.0,-668.2900938171298,3309800
0,200.0,-668.5557064527286,3312400
0,200.0,-773.6173308569299,3315000
0,200.0,-690.4176598802909,3317600
0,200.0,-730.7948432544387,3320200
0,200.0,-665.2320590902677,3322800
0,200.0,-703.0828855894454,3325400
0,200.0,-696.486898914561,3328000
0,200.0,-733.458541588094,3330600
0,200.0,-734.3735900805258,3333200
0,200.0,-667.3391447339807,3335800
0,200.0,-732.3225917822873,3338400
0,200.0,-689.5876000435206,3341000
0,200.0,-737.6137489569875,3343600
0,200.0,-675.3407788028514,3346200
0,200.0,-724.2969764270524,3348800
0,200.0,-690.8202005606285,3351400
0,200.0,-680.67265422037,3354000
0,200.0,-720.7509249570762,3356600
0,200.0,-741.6324372498171,3359200
0,200.0,-716.1372973360044,3361800
0,200.0,-745.4488475964722,3364400
0,200.0,-696.476584700306,3367000
0,200.0,-675.9893912909125,3369600
0,200.0,-715.708578458546,3372200
0,200.0,-725.8087703626709,3374800
0,200.0,-698.390789259621,3377400
0,200.0,-785.8879303237684,3380000
0,200.0,-678.7567398455724,3382600
0,200.0,-743.3400576078039,3385200
0,200.0,-746.4785450250062,3387800
0,200.0,-731.183261407501,3390400
0,200.0,-733.966665460068,3393000
0,200.0,-754.8106334497398,3395600
0,200.0,-702.4682833860732,3398200
0,200.0,-705.8817737592474,3400800
0,200.0,-688.9090912617648,3403400
0,200.0,-673.298846824507,3406000
0,200.0,-716.5114689457864,3408600
0,200.0,-702.1453098536034,3411200
0,200.0,-681.5693641912347,3413800
0,200.0,-708.4236825670519,3416400
0,200.0,-692.6619544315423,3419000
0,200.0,-714.339060166984,3421600
0,200.0,-744.2071615276088,3424200
0,200.0,-700.4207660993931,3426800
0,200.0,-778.1648485917569,3429400
0,200.0,-731.1716395081902,3432000
0,200.0,-776.5054790699573,3434600
0,200.0,-764.9697383231553,3437200
0,200.0,-725.4794440707805,3439800
0,200.0,-723.2675940943204,3442400
0,200.0,-687.8466147266068,3445000
0,200.0,-670.0483355847769,3447600
0,200.0,-675.4450225726206,3450200
0,200.0,-692.9136255236456,3452800
0,200.0,-717.5335510625596,3455400
0,200.0,-663.3933468412355,3458000
0,200.0,-706.0407555237234,3460600
0,200.0,-685.3282659279794,3463200
0,200.0,-707.2456123964099,3465800
0,200.0,-733.450439978844,3468400
0,200.0,-686.7216564110865,3471000
0,200.0,-705.3336789994918,3473600
0,200.0,-752.9936081973993,3476200
0,200.0,-729.918539563335,3478800
0,200.0,-662.2801190139346,3481400
0,200.0,-717.3736474461457,3484000
0,200.0,-673.7211656506856,3486600
0,200.0,-707.1349058470363,3489200
0,200.0,-698.6949483024626,3491800
0,200.0,-665.8359287258463,3494400
0,200.0,-701.4833574165125,3497000
0,200.0,-646.6128556676103,3499600
0,200.0,-653.792610646018,3502200
0,200.0,-723.9146629952294,3504800
0,200.0,-695.531265679583,3507400
0,200.0,-727.9601309396488,3510000
0,200.0,-729.7791589488801,3512600
0,200.0,-706.3910251544386,3515200
0,200.0,-687.8709525068472,3517800
0,200.0,-686.7161874967496,3520400
0,200.0,-717.771168496651,3523000
0,200.0,-712.1097515284744,3525600
0,200.0,-684.6543118271168,3528200
0,200.0,-692.3583845549108,3530800
0,200.0,-693.2003300279101,3533400
0,200.0,-652.4467415461258,3536000
0,200.0,-725.6553372103049,3538600
0,200.0,-698.570832333128,3541200
0,200.0,-719.5979189567738,3543800
0,200.0,-632.692817898167,3546400
0,200.0,-656.5275090355941,3549000
0,200.0,-674.8371740321004,3551600
0,200.0,-647.8605369993877,3554200
0,200.0,-735.1099372804576,3556800
0,200.0,-715.5439857494525,3559400
0,200.0,-697.8381105555356,3562000
0,200.0,-692.295745811835,3564600
0,200.0,-613.9529131661085,3567200
0,200.0,-694.5075471206382,3569800
0,200.0,-672.9367072867019,3572400
0,200.0,-690.0524606648295,3575000
0,200.0,-733.8413892111922,3577600
0,200.0,-714.5622503183222,3580200
0,200.0,-691.0646905322627,3582800
0,200.0,-678.579542568674,3585400
0,200.0,-722.4658773257567,3588000
0,200.0,-718.2719116533858,3590600
0,200.0,-711.1555780523803,3593200
0,200.0,-752.0984683297567,3595800
0,200.0,-753.6663562704089,3598400
0,200.0,-704.4921314711111,3601000
0,200.0,-646.0065859942126,3603600
0,200.0,-714.1265703406631,3606200
0,200.0,-708.8315281698079,3608800
0,200.0,-712.0775339024187,3611400
0,200.0,-661.7034668213691,3614000
0,200.0,-685.1255022922979,3616600
0,200.0,-680.3394433994273,3619200
0,200.0,-706.5274723511016,3621800
0,200.0,-652.0070522893662,3624400
0,200.0,-637.2906462739979,3627000
0,200.0,-613.9397377947807,3629600
0,200.0,-651.6782964631109,3632200
0,200.0,-681.1892322906345,3634800
0,200.0,-635.9876752589648,3637400
0,200.0,-656.9906161433427,3640000
0,200.0,-660.2165592975135,3642600
0,200.0,-669.092817785988,3645200
0,200.0,-686.8706766893821,3647800
0,200.0,-735.7051247030961,3650400
0,200.0,-691.5953295516907,3653000
0,200.0,-728.9116766905091,3655600
0,200.0,-616.6986709869597,3658200
0,200.0,-667.2610295451522,3660800
0,200.0,-652.1904042325042,3663400
0,200.0,-674.6086578802519,3666000
0,200.0,-695.7937129645143,3668600
0,200.0,-680.5868765206038,3671200
0,200.0,-697.6578263294379,3673800
0,200.0,-665.7741465555621,3676400
0,200.0,-675.8830639764824,3679000
0,200.0,-664.950357383376,3681600
0,200.0,-700.107011206275,3684200
0,200.0,-646.6609605501604,3686800
0,200.0,-707.5655981911094,3689400
0,200.0,-699.7150812933711,3692000
0,200.0,-677.8750906205076,3694600
0,200.0,-623.9443145064675,3697200
0,200.0,-653.6308389215749,3699800
0,200.0,-705.8685475566765,3702400
0,200.0,-736.2579146210556,3705000
0,200.0,-648.3514402547182,3707600
0,200.0,-687.0296001920565,3710200
0,200.0,-733.5373641730607,3712800
0,200.0,-678.8769380132801,3715400
0,200.0,-744.6744821097644,3718000
0,200.0,-679.0048859300218,3720600
0,200.0,-705.4816521219271,3723200
0,200.0,-658.2528294080631,3725800
0,200.0,-666.1387600211413,3728400
0,200.0,-726.26776150284,3731000
0,200.0,-661.9588837271148,3733600
0,200.0,-680.3047322776764,3736200
0,200.0,-700.611268278602,3738800
0,200.0,-698.2124848105909,3741400
0,200.0,-704.5590204549587,3744000
0,200.0,-647.1446294468512,3746600
0,200.0,-686.1992229063192,3749200
0,200.0,-698.737600265369,3751800
0,200.0,-663.9731267179728,3754400
0,200.0,-754.8002414886843,3757000
0,200.0,-713.9618028296326,3759600
0,200.0,-691.1584893861052,3762200
0,200.0,-705.300269709131,3764800
0,200.0,-652.2202687187821,3767400
0,200.0,-678.2041616696941,3770000
0,200.0,-647.3719602783051,3772600
0,200.0,-660.5130765856302,3775200
0,200.0,-661.3233621938211,3777800
0,200.0,-669.6726267806648,3780400
0,200.0,-638.1279196981885,3783000
0,200.0,-647.1425587797571,3785600
0,200.0,-641.7379067901961,3788200
0,200.0,-648.4943465238978,3790800
0,200.0,-644.1711758325648,3793400
0,200.0,-707.0953959867204,3796000
0,200.0,-690.227761416002,3798600
0,200.0,-660.6105835793068,3801200
0,200.0,-638.8585532726514,3803800
0,200.0,-636.0212130764246,3806400
0,200.0,-655.6997468551334,3809000
0,200.0,-612.569022553804,3811600
0,200.0,-683.274306292898,3814200
0,200.0,-670.0192588112033,3816800
0,200.0,-638.2078482275112,3819400
0,200.0,-701.3505352957806,3822000
0,200.0,-673.4180913181197,3824600
0,200.0,-658.250179116608,3827200
0,200.0,-691.3495490568189,3829800
0,200.0,-661.3395337728356,3832400
0,200.0,-638.0150570248356,3835000
0,200.0,-665.4667011422516,3837600
0,200.0,-656.197456365955,3840200
0,200.0,-661.9576628873533,3842800
0,200.0,-651.4858625717245,3845400
0,200.0,-660.0767746457439,3848000
0,200.0,-657.9468157635233,3850600
0,200.0,-674.166687107437,3853200
0,200.0,-685.1008120327596,3855800
0,200.0,-614.0878238403724,3858400
0,200.0,-616.5796451274867,3861000
0,200.0,-675.8477177946768,3863600
0,200.0,-688.951558810243,3866200
0,200.0,-659.5557724085936,3868800
0,200.0,-684.6611223780203,3871400
0,200.0,-715.0090907115843,3874000
0,200.0,-627.7170800280686,3876600
0,200.0,-648.073357707937,3879200
0,200.0,-734.1215846140681,3881800
0,200.0,-632.3276928694868,3884400
0,200.0,-686.6945910063391,3887000
0,200.0,-640.0057085904166,3889600
0,200.0,-636.1831909390434,3892200
0,200.0,-651.6497851705054,3894800
0,200.0,-652.4396827214334,3897400
0,200.0,-714.9136091941559,3900000
0,200.0,-675.6449229693226,3902600
0,200.0,-680.1127472644312,3905200
0,200.0,-649.5939629463958,3907800
0,200.0,-601.4539003011544,3910400
0,200.0,-667.7570114516534,3913000
0,200.0,-583.6659538301753,3915600
0,200.0,-607.7817272652715,3918200
0,200.0,-664.9683398283794,3920800
0,200.0,-586.2879864018461,3923400
0,200.0,-639.8132944482845,3926000
0,200.0,-637.8847356453455,3928600
0,200.0,-644.2736182311181,3931200
0,200.0,-634.2890228119381,3933800
0,200.0,-655.3803768166254,3936400
0,200.0,-619.9491557570201,3939000
0,200.0,-672.5274396891319,3941600
0,200.0,-637.6966182154144,3944200
0,200.0,-585.387990372932,3946800
0,200.0,-682.6228597927059,3949400
0,200.0,-671.143716456152,3952000
0,200.0,-651.8963536742109,3954600
0,200.0,-634.1931334397227,3957200
0,200.0,-594.8144174361472,3959800
0,200.0,-666.4702250544287,3962400
0,200.0,-654.6270879088411,3965000
0,200.0,-595.3017190182477,3967600
0,200.0,-606.0539916868354,3970200
0,200.0,-630.8080167451669,3972800
0,200.0,-643.8223078480961,3975400
0,200.0,-681.0674284066931,3978000
0,200.0,-655.2655603946782,3980600
0,200.0,-633.0687925877822,3983200
0,200.0,-621.0045211498721,3985800
0,200.0,-636.054491375409,3988400
0,200.0,-601.3189873355994,3991000
0,200.0,-635.4898548585435,3993600
0,200.0,-600.2723431913831,3996200
0,200.0,-589.1841369561333,3998800
0,200.0,-644.3476775177444,4001400
0,200.0,-731.5264709260969,4004000
0,200.0,-712.6004345007842,4006600
0,200.0,-683.5200021330792,4009200
0,200.0,-653.8030251388857,4011800
0,200.0,-584.3728057485695,4014400
0,200.0,-618.5492560503325,4017000
0,200.0,-649.1173666126197,4019600
0,200.0,-691.0482254692791,4022200
0,200.0,-655.7080097824271,4024800
0,200.0,-622.9128998138949,4027400
0,200.0,-591.6561140512508,4030000
0,200.0,-691.0066779477236,4032600
0,200.0,-590.7101587462458,4035200
0,200.0,-649.6147544872249,4037800
0,200.0,-630.006208619102,4040400
0,200.0,-648.1499360450299,4043000
0,200.0,-634.1730421399681,4045600
0,200.0,-618.9588186882709,4048200
0,200.0,-659.1964375727828,4050800
0,200.0,-636.5382794551713,4053400
0,200.0,-622.5211879291489,4056000
0,200.0,-622.0879080032578,4058600
0,200.0,-593.0218071040847,4061200
0,200.0,-644.769458144715,4063800
0,200.0,-631.6791130995254,4066400
0,200.0,-595.0385487891396,4069000
0,200.0,-617.0789000469799,4071600
0,200.0,-627.9128005191425,4074200
0,200.0,-588.1637199713762,4076800
0,200.0,-640.097483114144,4079400
0,200.0,-601.43981744406,4082000
0,200.0,-577.7754636100326,4084600
0,200.0,-622.1905760895286,4087200
0,200.0,-607.6296211612569,4089800
0,200.0,-562.9326490474747,4092400
0,200.0,-610.4643601555523,4095000
0,200.0,-600.3659103213183,4097600
0,200.0,-605.9328633295747,4100200
0,200.0,-656.920085778514,4102800
0,200.0,-573.7525011832333,4105400
0,200.0,-648.7968501011092,4108000
0,200.0,-624.813209969847,4110600
0,200.0,-670.4813678362059,4113200
0,200.0,-692.5703326676323,4115800
0,200.0,-655.3046437569452,4118400
0,200.0,-595.0359202992774,4121000
0,200.0,-643.6188811116548,4123600
0,200.0,-594.8332443872054,4126200
0,200.0,-679.7703518575647,4128800
0,200.0,-603.461965231727,4131400
0,200.0,-548.510668443346,4134000
0,200.0,-557.6658290753224,4136600
0,200.0,-605.9925427490004,4139200
0,200.0,-644.9483947428741,4141800
0,200.0,-664.5515912540769,4144400
0,200.0,-587.8502136879445,4147000
0,200.0,-602.5748377445714,4149600
0,200.0,-574.7917590007006,4152200
0,200.0,-587.2814810872026,4154800
0,200.0,-641.6881356510671,4157400
0,200.0,-657.8114499351998,4160000
0,200.0,-643.6229022828976,4162600
0,200.0,-613.9120842665852,4165200
0,200.0,-526.7761391478281,4167800
0,200.0,-605.2702216814898,4170400
0,200.0,-630.124707197747,4173000
